Open Palm,0.0,0.0,0.0,0.07592318952083588,-0.046900928020477295,-0.01723780411793996,0.11688686907291412,-0.14363253116607666,-0.01692881922735978,0.13279609382152557,-0.24725580215454102,-0.0171763088883381,0.1496218591928482,-0.3200666904449463,-0.01723065528585721,0.0942133218050003,-0.2956452965736389,0.01776605729446601,0.10615508258342743,-0.4111148715019226,0.010710287619986048,0.10994236171245575,-0.4738863706588745,-0.0027648350087474682,0.11359716951847076,-0.5309692323207855,-0.014328623409710417,0.058458104729652405,-0.31415224075317383,0.015010720831014623,0.07171027362346649,-0.4385877251625061,0.009752343189575186,0.08124659955501556,-0.5125676989555359,-0.0053839383044760325,0.08736269176006317,-0.5735718607902527,-0.018207132104180346,0.021921679377555847,-0.3072056770324707,0.0070334717302102945,0.035613179206848145,-0.42726442217826843,-0.004137573517255078,0.04766817390918732,-0.49171745777130127,-0.01790335330679227,0.059052109718322754,-0.5475462675094604,-0.027518681469700823,-0.018117517232894897,-0.28114354610443115,-0.0032766095691840746,-0.006885558366775513,-0.3743266463279724,-0.01714721437110711,0.004191413521766663,-0.42669349908828735,-0.025778937372706423,0.018353968858718872,-0.47505778074264526,-0.03150813024058152
Open Palm,0.0,0.0,0.0,0.07188723981380463,-0.044281959533691406,-0.01553100222572823,0.11010195314884186,-0.12316274642944336,-0.011944453845174507,0.12592045962810516,-0.2124708890914917,-0.00879310691580315,0.14333833754062653,-0.2729696035385132,-0.005404582394660906,0.08109433948993683,-0.25904548168182373,0.029356546086816593,0.08980558812618256,-0.35912615060806274,0.03040812848284702,0.09208427369594574,-0.412262499332428,0.02079491814747314,0.09405465424060822,-0.4618784785270691,0.011137735416738792,0.049328386783599854,-0.27188050746917725,0.02927839508429031,0.05837161839008331,-0.3801458775997162,0.03108280649557571,0.06505824625492096,-0.44583815336227417,0.017401938644795223,0.06908892095088959,-0.4989326298236847,0.004769945835320755,0.01798832416534424,-0.26301997900009155,0.024029094112663074,0.025675401091575623,-0.3660207688808441,0.01951179778352241,0.03331172466278076,-0.4218958616256714,0.006381949262319608,0.042597219347953796,-0.47241513431072235,-0.003902847094835238,-0.016827508807182312,-0.24100464582443237,0.016365238783507152,-0.009404629468917847,-0.3193119466304779,0.008950049375741287,-0.00279901921749115,-0.3641781806945801,0.002047904386742516,0.008377507328987122,-0.40761271119117737,-0.003668164050580458
Open Palm,0.0,0.0,0.0,0.06713169813156128,-0.03610801696777344,-0.00863059617648787,0.1031767725944519,-0.1039421558380127,0.00013478888769213881,0.11745348572731018,-0.18258985877037048,0.008106856531696849,0.13259357213974,-0.22960886359214783,0.01640937562962108,0.07714763283729553,-0.2159009575843811,0.03745669025857978,0.08625990152359009,-0.2998306155204773,0.043862203992205195,0.08865460753440857,-0.34649771451950073,0.038668597973185115,0.08990836143493652,-0.38891130685806274,0.03211168471653991,0.049049437046051025,-0.22903433442115784,0.03734709966857963,0.0582452118396759,-0.31796926259994507,0.04363311726530128,0.06393307447433472,-0.37316611409187317,0.03215799380024009,0.06715336441993713,-0.4168523997068405,0.021577573306160502,0.021203994750976562,-0.22317355871200562,0.03295693445880943,0.029246598482131958,-0.30857211351394653,0.03231833774526649,0.03510482609272003,-0.35550981760025024,0.0199189697571569,0.04255717992782593,-0.3975844085216522,0.010293749085860782,-0.011140584945678711,-0.20380422472953796,0.026948225609260135,-0.007184386253356934,-0.2697202265262604,0.022594862542348437,-0.0038085579872131348,-0.3072115182876587,0.016319387517171435,0.00453677773475647,-0.34423840045928955,0.011275772861438327
Open Palm,0.0,0.0,0.0,0.06088536977767944,-0.03537893295288086,-0.005728385707044481,0.09290716052055359,-0.10338807106018066,0.0025490926879854214,0.10240748524665833,-0.18481841683387756,0.009345762135779978,0.11404615640640259,-0.23275738954544067,0.016138071829772116,0.07207778096199036,-0.21502551436424255,0.03452765632638943,0.07963752746582031,-0.29690849781036377,0.039090030530786635,0.08042716979980469,-0.34080374240875244,0.03358713973531735,0.08091744780540466,-0.38066038489341736,0.027247155720687033,0.044731080532073975,-0.22576546669006348,0.03240472886929524,0.05399474501609802,-0.31393787264823914,0.036934905389642836,0.05873003602027893,-0.3671255558729172,0.026751561725831152,0.06142830848693848,-0.40857578814029694,0.017422091851329924,0.018865451216697693,-0.21788281202316284,0.026396362746453406,0.025698542594909668,-0.3014345169067383,0.024827903772091986,0.030793920159339905,-0.34746862947940826,0.014194230253195883,0.037060752511024475,-0.38723593950271606,0.006035917142725111,-0.010809600353240967,-0.19718149304389954,0.018965569028949858,-0.004261910915374756,-0.2630322575569153,0.014472148085332037,0.0008970499038696289,-0.3000258803367615,0.009010175878501059,0.009837448596954346,-0.3360854387283325,0.004593381828016163
Open Palm,0.0,0.0,0.0,0.055844008922576904,-0.04207205772399902,-0.016162694163540436,0.08486174046993256,-0.10473152995109558,-0.009185463853100373,0.09128767251968384,-0.16930773854255676,-0.000396965356230794,0.10405384004116058,-0.2178952991962433,0.009663109004577564,0.05878439545631409,-0.19296208024024963,0.03643786654629366,0.06399416923522949,-0.267272412776947,0.05062392473973887,0.06583413481712341,-0.31672295928001404,0.05281609416761057,0.06467606127262115,-0.35470081865787506,0.052080736763855384,0.03126148879528046,-0.19628119468688965,0.04466407866038935,0.03680320084095001,-0.2807861566543579,0.06169916809358256,0.04167155921459198,-0.3366355150938034,0.058822238154789375,0.0438263863325119,-0.37443214654922485,0.054493517883202,0.0065779536962509155,-0.18762871623039246,0.04802917436518328,0.012396320700645447,-0.2654992938041687,0.05701310680069582,0.01820032298564911,-0.31126126646995544,0.05139577881254809,0.022896766662597656,-0.3476921170949936,0.04625770942129748,-0.020876601338386536,-0.1728082299232483,0.04878686488427775,-0.015690654516220093,-0.23446911573410034,0.049843193300148414,-0.011128142476081848,-0.2678471505641937,0.04567047328509943,-0.0026717334985733032,-0.2994679659605026,0.04253915444769518
Open Palm,0.0,0.0,0.0,0.0724581852555275,-0.03507143259048462,-0.018740306902259363,0.10876927524805069,-0.1075095534324646,-0.01422006852510549,0.1204521432518959,-0.18787255883216858,-0.009115901138216032,0.13549532741308212,-0.24678608775138855,-0.003977863411932958,0.08491116017103195,-0.23283806443214417,0.031139327850610243,0.09463093429803848,-0.3290180116891861,0.03688862424758099,0.09796737879514694,-0.38443826138973236,0.029262222987085806,0.10058850795030594,-0.4367050677537918,0.020044204485088812,0.05381122976541519,-0.24563580751419067,0.0336985538568797,0.06432414799928665,-0.34988704323768616,0.03992045548227452,0.07317016273736954,-0.41679662466049194,0.025659114759832846,0.0777861550450325,-0.4673156142234802,0.011593593921929823,0.02193281799554825,-0.24040034413337708,0.03066534426477574,0.03239525854587555,-0.33887211978435516,0.028699972372919547,0.040869973599910736,-0.39360594749450684,0.011924215298563468,0.050779618322849274,-0.44420044124126434,-0.0017396285576296577,-0.014843940734863281,-0.22732383012771606,0.02508787315753125,-0.004352733492851257,-0.30235782265663147,0.018126235049635397,0.0034374743700027466,-0.34456126391887665,0.00800833076652907,0.01596900075674057,-0.38614392280578613,-0.0008782734540773163
Open Palm,0.0,0.0,0.0,0.0682348906993866,-0.025480270385742188,-0.011781806849313625,0.10669812560081482,-0.10350966453552246,-0.008999511391294845,0.11922526359558105,-0.19439995288848877,-0.0069879039902218665,0.13206404447555542,-0.2495717704296112,-0.005614457909388193,0.08375681936740875,-0.24055051803588867,0.018438063770162216,0.09195350110530853,-0.34133434295654297,0.01239980126135265,0.09251846373081207,-0.39693331718444824,-0.00011715771964304622,0.09118311107158661,-0.44850024580955505,-0.010429594457519897,0.05268685519695282,-0.25557342171669006,0.015373983628677479,0.06183043122291565,-0.36404937505722046,0.011686750895904652,0.06686428189277649,-0.42705726623535156,-0.0029025434296556796,0.06946749985218048,-0.4795061945915222,-0.015355384700370678,0.022056013345718384,-0.24797511100769043,0.008209790311383358,0.028849482536315918,-0.3527766764163971,-0.0006446113357299055,0.03452058136463165,-0.40856754779815674,-0.014033001639319309,0.04079550504684448,-0.4568503648042679,-0.023677961692584404,-0.012843325734138489,-0.2257968783378601,-0.0005576113135532523,-0.007329896092414856,-0.3074086308479309,-0.0106279512647518,-0.000950932502746582,-0.34970206022262573,-0.01754149028695906,0.009528100490570068,-0.3897031545639038,-0.02262397275902117
Open Palm,0.0,0.0,0.0,0.06376561522483826,-0.03797727823257446,-0.01828865319230033,0.09933307766914368,-0.12488692998886108,-0.02066902801134063,0.11006566882133484,-0.21862483024597168,-0.022480117005486022,0.12481465935707092,-0.2830447554588318,-0.024339889955896865,0.07548466324806213,-0.2633630037307739,0.0031332028217576635,0.08166840672492981,-0.37068700790405273,-0.008586392586309444,0.08237755298614502,-0.43429988622665405,-0.022818395716328155,0.08223044872283936,-0.4900971055030823,-0.033708570373434554,0.04327356815338135,-0.2791035771369934,0.0014296117357872618,0.05098465085029602,-0.3966624140739441,-0.0074879926044530976,0.05622699856758118,-0.4712664484977722,-0.021849803474921714,0.059354305267333984,-0.5321922302246094,-0.03331029586233569,0.011451423168182373,-0.2706794738769531,-0.004438810830194484,0.018790334463119507,-0.38319021463394165,-0.01648482665159179,0.02538914978504181,-0.44900810718536377,-0.029055945423621665,0.0322452038526535,-0.5047412812709808,-0.03744639627375079,-0.023582041263580322,-0.24216878414154053,-0.012397233245152961,-0.017126798629760742,-0.3301151394844055,-0.02489837243892623,-0.01068955659866333,-0.3804282546043396,-0.03204507924355937,-0.0017438232898712158,-0.42659974098205566,-0.036473071051020156
Open Palm,0.0,0.0,0.0,0.051731497049331665,-0.02925562858581543,-0.008574006509924459,0.08224302530288696,-0.09267038106918335,-0.003783380276480841,0.09158983826637268,-0.16757667064666748,0.00038197530530936774,0.10321974754333496,-0.21143317222595215,0.0045698081246072775,0.06582114100456238,-0.1971808671951294,0.022841397310649825,0.07395666837692261,-0.27451497316360474,0.023877402405297232,0.07529899477958679,-0.31788957118988037,0.017299193526660872,0.07582435011863708,-0.3575616180896759,0.010699880878483725,0.04135727882385254,-0.2072141170501709,0.02136934326127715,0.050712838768959045,-0.291348397731781,0.023586926619564963,0.05524355173110962,-0.342337965965271,0.01426549499020524,0.056955695152282715,-0.38301390409469604,0.00569577897996254,0.017424941062927246,-0.19930726289749146,0.016373252133881522,0.02643623948097229,-0.279432088136673,0.012699173401152564,0.031323567032814026,-0.32310986518859863,0.0028337089913392788,0.036081865429878235,-0.36165347695350647,-0.004540831678504276,-0.009654402732849121,-0.18035149574279785,0.00999194626793809,-0.0014181584119796753,-0.24111032485961914,0.003523465582212282,0.004160821437835693,-0.27560293674468994,-0.0020236018010919565,0.012485921382904053,-0.3090648651123047,-0.0061807910808866495
Open Palm,0.0,0.0,0.0,0.04935932159423828,-0.02638530731201172,-0.011056574089877813,0.07945859432220459,-0.08742678165435791,-0.006319873528980224,0.0892048180103302,-0.15894418954849243,-0.0013726546014254382,0.10078054666519165,-0.20388388633728027,0.003990209633059294,0.06263166666030884,-0.18281269073486328,0.022892278590745718,0.07122495770454407,-0.25588053464889526,0.02674643040592173,0.07386142015457153,-0.2987273037433624,0.0224974071323345,0.07572343945503235,-0.3372255265712738,0.017167047569103033,0.03889167308807373,-0.19220608472824097,0.02340875097507933,0.04746825993061066,-0.27273011207580566,0.028324631014413626,0.05361241102218628,-0.32210004329681396,0.02078973033422926,0.05627217888832092,-0.3609749376773834,0.01331055254632929,0.01583048701286316,-0.18482232093811035,0.020163989597506315,0.024186059832572937,-0.2612340450286865,0.01802675702566603,0.030127331614494324,-0.3027634620666504,0.008781125740654261,0.03596094250679016,-0.3410136103630066,0.00175548050975749,-0.009357064962387085,-0.16714978218078613,0.015315234632737429,-0.0021000057458877563,-0.22489923238754272,0.009002627776510508,0.00316832959651947,-0.2579464316368103,0.0031232041954467604,0.011528059840202332,-0.29084348678588867,-0.0012084710462545445
Open Palm,0.0,0.0,0.0,0.06909339129924774,-0.06566441059112549,-0.02809745676418629,0.09690919518470764,-0.16329097747802734,-0.031613480742777256,0.09978969395160675,-0.26149290800094604,-0.03284326240023461,0.11059021949768066,-0.33288872241973877,-0.03401580124696579,0.058308765292167664,-0.2973754405975342,0.006187959596758219,0.05538804829120636,-0.4147524833679199,-0.0013863927225941097,0.051025524735450745,-0.4800417423248291,-0.016651925142610935,0.04664984345436096,-0.5434402525424957,-0.03000749691923943,0.02350597083568573,-0.3017887473106384,0.0103081525529376,0.02026861160993576,-0.4288855791091919,0.003736791689192387,0.019061163067817688,-0.5091314315795898,-0.014117577556277183,0.015779972076416016,-0.5744557976722717,-0.02980133190354195,-0.010042153298854828,-0.2845537066459656,0.008826898899172875,-0.012717954814434052,-0.40482842922210693,-0.002494356572384504,-0.011637650430202484,-0.4723680913448334,-0.01967504292329636,-0.008634380996227264,-0.5337730050086975,-0.032718264009560016,-0.044866494834423065,-0.2552872896194458,0.00432233980322394,-0.045691221952438354,-0.3461684584617615,-0.008836873318756489,-0.04381316900253296,-0.3988305330276489,-0.019645946543420223,-0.03646981716156006,-0.44939079880714417,-0.028366383608187107
Open Palm,0.0,0.0,0.0,0.07096953690052032,-0.038987815380096436,-0.022299441383488272,0.11096729338169098,-0.1375156044960022,-0.02504709629834423,0.12250839173793793,-0.2449955940246582,-0.026810199828155135,0.13564713299274445,-0.31492120027542114,-0.02892425736904869,0.07567428052425385,-0.29793572425842285,0.00129338156870773,0.07593658566474915,-0.420890748500824,-0.01264011288554201,0.07114206254482269,-0.4926530718803406,-0.029738412113196944,0.06540004909038544,-0.5570767223834991,-0.04295543289304504,0.03977955877780914,-0.31259679794311523,0.0006777288599053577,0.039910197257995605,-0.4442262053489685,-0.00965317978084812,0.038079991936683655,-0.525164008140564,-0.026165132285363768,0.03529055416584015,-0.5925152599811554,-0.039927695752389525,0.005454659461975098,-0.3009762763977051,-0.00468499107778797,0.005223780870437622,-0.4265795946121216,-0.01859092979253063,0.006054580211639404,-0.4995192587375641,-0.03260085439801941,0.007161632180213928,-0.5627312958240509,-0.042508196891553496,-0.031527116894721985,-0.26851874589920044,-0.01253378564984331,-0.03157772868871689,-0.3657236695289612,-0.026393054859049414,-0.02897024154663086,-0.4195387363433838,-0.034005925865180586,-0.023625560104846954,-0.46869176626205444,-0.03922968065858612
Open Palm,0.0,0.0,0.0,0.06863585114479065,-0.01707136631011963,-0.019030292227895984,0.11497646570205688,-0.11152148246765137,-0.021916567057402858,0.13673025369644165,-0.20664596557617188,-0.02450544823709322,0.15583175420761108,-0.2725890874862671,-0.028462432965667972,0.09807202219963074,-0.26747506856918335,-0.007677114743771085,0.11053168773651123,-0.38972222805023193,-0.023907233670385608,0.11550194025039673,-0.46266835927963257,-0.04047147062424017,0.11774620413780212,-0.5275285243988037,-0.05327584844830824,0.06440991163253784,-0.287620484828949,-0.011544658511908779,0.07872357964515686,-0.42228496074676514,-0.02502606128159357,0.08756530284881592,-0.5040037930011749,-0.04107246798280073,0.09339764714241028,-0.5724047422409058,-0.05439108860495878,0.028842270374298096,-0.279352068901062,-0.01927553553882433,0.041727662086486816,-0.4066835641860962,-0.035923200368912944,0.05116373300552368,-0.4831547737121582,-0.05062365409735037,0.060124725103378296,-0.548660933971405,-0.06095656630400015,-0.010140568017959595,-0.2514570355415344,-0.028989488899739513,-0.00042259693145751953,-0.35164570808410645,-0.046048371762068996,0.009275168180465698,-0.4111407995223999,-0.05607355263832403,0.021309733390808105,-0.465287983417511,-0.06308599811795546
Open Palm,0.0,0.0,0.0,0.06179627776145935,-0.01631408929824829,-0.0054001484945622735,0.10032156109809875,-0.10558128356933594,-0.0006859311083537989,0.1224997341632843,-0.18388211727142334,0.0017220390314029999,0.14519008994102478,-0.23436325788497925,0.002856311114111776,0.09435781836509705,-0.24204397201538086,0.012649161932596797,0.11374017596244812,-0.34383469820022583,0.005917940014580125,0.12416639924049377,-0.4032507538795471,-0.004265136825313931,0.13239076733589172,-0.4574946165084839,-0.013458650367727643,0.07056215405464172,-0.2631109356880188,0.004630492725947732,0.09257212281227112,-0.38062453269958496,-0.0016760025587139182,0.10754051804542542,-0.45303428173065186,-0.01354368105011261,0.11759117245674133,-0.5129086077213287,-0.023504372494688397,0.04266992211341858,-0.2624383568763733,-0.006528202718516951,0.06534060835838318,-0.3795531690120697,-0.017328630941381817,0.07934591174125671,-0.444647878408432,-0.02942191417740858,0.09259691834449768,-0.5024380683898926,-0.037995500298610096,0.008439630270004272,-0.24422496557235718,-0.01863380502389944,0.02581268548965454,-0.3377982974052429,-0.032624261262288456,0.03874954581260681,-0.39102500677108765,-0.04138486254440821,0.054127246141433716,-0.44077950716018677,-0.04739558118807352
Open Palm,0.0,0.0,0.0,0.06325972080230713,-0.003771960735321045,0.002915621819898462,0.0968371033668518,-0.07364535331726074,0.013969248711124038,0.11446881294250488,-0.1417081356048584,0.02134050949569044,0.12331366539001465,-0.18225571513175964,0.02761143780405817,0.08429056406021118,-0.2040424644947052,0.03558345659728346,0.09763813018798828,-0.29002904891967773,0.03656095787043867,0.10228753089904785,-0.33983100950717926,0.02910118139441309,0.10491389036178589,-0.38444899022579193,0.02189132719393072,0.06470233201980591,-0.22717881202697754,0.02798927537257967,0.07975226640701294,-0.3234023451805115,0.02969038820917902,0.08918637037277222,-0.38150642812252045,0.01981695889587698,0.09471791982650757,-0.42803192138671875,0.011052217884913063,0.04206794500350952,-0.2319124937057495,0.01711968853230772,0.05434471368789673,-0.3274998068809509,0.013244920960620021,0.0632820725440979,-0.3791370242834091,0.0028648994313478227,0.0706666111946106,-0.4217985272407532,-0.004630212121650601,0.014228522777557373,-0.22190701961517334,0.005592471073374128,0.026312947273254395,-0.30001211166381836,-0.0007246702760532742,0.03420037031173706,-0.34234149754047394,-0.006037616086199904,0.04399639368057251,-0.3795548230409622,-0.010166735769256974
Open Palm,0.0,0.0,0.0,-0.05388498306274414,-0.038245558738708496,-0.013064612003049092,-0.09004068374633789,-0.09165185689926147,-0.015124199280521111,-0.11444908380508423,-0.1459854245185852,-0.016978211069485383,-0.13422954082489014,-0.1858167052268982,-0.017627531031152444,-0.07373547554016113,-0.19535547494888306,0.018551355859258933,-0.08455079793930054,-0.2755745053291321,0.019152530169108672,-0.08644425868988037,-0.31986916065216064,0.011691931335249706,-0.0867164134979248,-0.3627167046070099,0.003957186991343065,-0.04731243848800659,-0.2121673822402954,0.01930482934973554,-0.0585898756980896,-0.2938578724861145,0.02413334760628061,-0.06077045202255249,-0.3437674641609192,0.017401198556640907,-0.06286609172821045,-0.38753020763397217,0.009881874246516986,-0.022476255893707275,-0.21097517013549805,0.016064961140969558,-0.030726969242095947,-0.28552472591400146,0.018951764961698814,-0.034718871116638184,-0.3317120373249054,0.013506658075371547,-0.038170576095581055,-0.3725782632827759,0.007301942611107393,0.007233381271362305,-0.19388669729232788,0.010341830251732631,0.0036420226097106934,-0.2521957755088806,0.012383185958483978,0.0001932382583618164,-0.2884283661842346,0.0116926102694066,-0.0019643306732177734,-0.3247319459915161,0.009491045659402175
Open Palm,0.0,0.0,0.0,-0.030537128448486328,-0.0331076979637146,-0.012435989244863777,-0.05229067802429199,-0.07927632331848145,-0.018420775211438922,-0.06713217496871948,-0.12092089653015137,-0.023891608021244792,-0.08147042989730835,-0.15125012397766113,-0.028996652713999538,-0.032222092151641846,-0.15239429473876953,-0.004470127890840558,-0.035230040550231934,-0.2101116180419922,-0.011803858703956394,-0.03419387340545654,-0.24392637610435486,-0.01968164069114664,-0.0314980149269104,-0.27377253770828247,-0.025898647285089282,-0.013721466064453125,-0.16023385524749756,-0.004291549581125764,-0.015269160270690918,-0.2224692702293396,-0.009079524106368808,-0.01410818099975586,-0.258810818195343,-0.014965736097678928,-0.011976420879364014,-0.28927093744277954,-0.020132249943003444,0.0037159323692321777,-0.15375375747680664,-0.006414273078576116,0.0036690831184387207,-0.21084260940551758,-0.010921240574703006,0.004012584686279297,-0.2448028326034546,-0.01573256847916582,0.0037291646003723145,-0.2729528546333313,-0.019758364907488613,0.021118760108947754,-0.1363406777381897,-0.010218288539931564,0.024721503257751465,-0.18080508708953857,-0.013830371922836093,0.025774240493774414,-0.20880717039108276,-0.01615536285100916,0.026325762271881104,-0.234078049659729,-0.01821498458741644
Open Palm,0.0,0.0,0.0,-0.038982272148132324,-0.027554631233215332,-0.014232162317298958,-0.06835806369781494,-0.07205542922019958,-0.02155772310312898,-0.0879715085029602,-0.1168985664844513,-0.02807409775074632,-0.10646694898605347,-0.14939039945602417,-0.03393170696314485,-0.0497516393661499,-0.15902626514434814,-0.005957082310729334,-0.05833536386489868,-0.22358301281929016,-0.014503488248251983,-0.06091362237930298,-0.26368506252765656,-0.023362339405380794,-0.061487793922424316,-0.29979361593723297,-0.03040045399781377,-0.027247190475463867,-0.1720201075077057,-0.0061975851897528855,-0.03294992446899414,-0.24074126780033112,-0.012150235405229637,-0.033754050731658936,-0.2835823595523834,-0.019423360867463657,-0.0336645245552063,-0.3205961436033249,-0.025568586705290386,-0.004903435707092285,-0.16882672905921936,-0.008973282692991802,-0.007848739624023438,-0.23259440064430237,-0.015397830797397205,-0.008154749870300293,-0.272551491856575,-0.02182198774632127,-0.00879734754562378,-0.3067540228366852,-0.026778557268940517,0.018423259258270264,-0.15473055839538574,-0.013397180406414577,0.021848559379577637,-0.20471638441085815,-0.018865886075460025,0.02355557680130005,-0.23835226893424988,-0.02217146095451028,0.025236666202545166,-0.2698792368173599,-0.02471583050306947
Open Palm,0.0,0.0,0.0,-0.04751455783843994,-0.028402388095855713,-0.019459537747152922,-0.08535760641098022,-0.0780768096446991,-0.029081647801049826,-0.11046898365020752,-0.13073095679283142,-0.03782375487948286,-0.1354873776435852,-0.16383065283298492,-0.04609197336698401,-0.06522578001022339,-0.1900779902935028,-0.008627660157927153,-0.07846403121948242,-0.2664877474308014,-0.018384977760561583,-0.08315753936767578,-0.31397946923971176,-0.028756495150574324,-0.08467328548431396,-0.3577679842710495,-0.03726681280399191,-0.03706502914428711,-0.20882800221443176,-0.008319311360665438,-0.04381591081619263,-0.2927875816822052,-0.015279182749637243,-0.04494220018386841,-0.3445494771003723,-0.023671609866269705,-0.044048011302948,-0.3877403736114502,-0.031076050880201933,-0.009086310863494873,-0.20811410248279572,-0.011418806905695078,-0.0127943754196167,-0.28572773188352585,-0.01922070379818308,-0.01395481824874878,-0.33686473965644836,-0.027970615359791395,-0.014692425727844238,-0.37929825484752655,-0.03479053783679831,0.0197334885597229,-0.19407378137111664,-0.016846989798196432,0.02384626865386963,-0.25861474871635437,-0.02329516555631983,0.025868356227874756,-0.3015102744102478,-0.02805069978798258,0.027412772178649902,-0.3406591862440109,-0.03205368253851759
Open Palm,0.0,0.0,0.0,-0.05300825834274292,-0.0217725932598114,-0.02147997317570116,-0.09676468372344971,-0.06818875670433044,-0.03287507740515139,-0.12581175565719604,-0.12422803044319153,-0.04322948453682329,-0.15300071239471436,-0.16213856637477875,-0.052701772728141805,-0.07979285717010498,-0.19336022436618805,-0.007556370997008344,-0.09681642055511475,-0.2815374583005905,-0.018836296701010724,-0.1030685305595398,-0.335539311170578,-0.03085718264537718,-0.10572636127471924,-0.3836369812488556,-0.040388973035987874,-0.05055713653564453,-0.21730343997478485,-0.0069037578787174425,-0.06310409307479858,-0.30945245176553726,-0.015002114304479619,-0.0669550895690918,-0.36881718039512634,-0.02580628132182028,-0.06766492128372192,-0.420356810092926,-0.03501517099994089,-0.01991516351699829,-0.2215413898229599,-0.010076416262563725,-0.028424859046936035,-0.3059035465121269,-0.018725344517406484,-0.030617892742156982,-0.36375217139720917,-0.029293143727954885,-0.03161901235580444,-0.4117179960012436,-0.037511644491132756,0.013287067413330078,-0.21061819791793823,-0.015757754051264783,0.01571565866470337,-0.27847612649202347,-0.023242843874868413,0.015760481357574463,-0.32549914717674255,-0.029134401657756825,0.015526115894317627,-0.3688976615667343,-0.03389675317066576
Open Palm,0.0,0.0,0.0,-0.05968177318572998,-0.028501689434051514,-0.02585531407017072,-0.11009830236434937,-0.09156447649002075,-0.039643602529352506,-0.14522325992584229,-0.16223344206809998,-0.0520143826397117,-0.17696034908294678,-0.20674541592597961,-0.06374581725317796,-0.09069675207138062,-0.23621371388435364,-0.0179515556337293,-0.11082339286804199,-0.3400786370038986,-0.034613048741405805,-0.11843729019165039,-0.406079038977623,-0.05016375527698358,-0.12180095911026001,-0.4655095487833023,-0.062379391947573026,-0.057117998600006104,-0.26281121373176575,-0.01791612067241033,-0.06858706474304199,-0.3760415315628052,-0.030573183754270872,-0.07229864597320557,-0.449824258685112,-0.042921608397548994,-0.07436013221740723,-0.5127290785312653,-0.0531420689912494,-0.021221816539764404,-0.263999879360199,-0.022047756323402723,-0.028616726398468018,-0.3707258701324463,-0.034984780559128126,-0.03196907043457031,-0.4417882114648819,-0.0476053153069671,-0.0357203483581543,-0.5002575218677521,-0.05705082611162027,0.016030609607696533,-0.24612262845039368,-0.029075559312289556,0.020593345165252686,-0.3299010396003723,-0.040490949610060056,0.02378791570663452,-0.386459618806839,-0.048514748075788816,0.02510833740234375,-0.43666310608386993,-0.05461954147536119
Open Palm,0.0,0.0,0.0,-0.06595408916473389,-0.033140718936920166,-0.024280231679910003,-0.12104290723800659,-0.10438573360443115,-0.038184128935569106,-0.15743952989578247,-0.17725211381912231,-0.05100777396106082,-0.19171416759490967,-0.22394973039627075,-0.06357608386420566,-0.09553766250610352,-0.25811687111854553,-0.020743992413514434,-0.11766177415847778,-0.370915487408638,-0.03875532769703227,-0.12638986110687256,-0.442685604095459,-0.054778453196519195,-0.13092255592346191,-0.5062106400728226,-0.06717498251342136,-0.05812561511993408,-0.2863169312477112,-0.022929022322529136,-0.0690498948097229,-0.41298437118530273,-0.037114612992041884,-0.07305508852005005,-0.49388349056243896,-0.050782099600070296,-0.07481437921524048,-0.5637401640415192,-0.06179682188772517,-0.01802217960357666,-0.28726205229759216,-0.02882749983214694,-0.023892462253570557,-0.40686871111392975,-0.0433198104157384,-0.027211368083953857,-0.4841501861810684,-0.05722728767537433,-0.030683577060699463,-0.5483183264732361,-0.06739978143119174,0.02353888750076294,-0.2667330205440521,-0.037262473489278136,0.030864715576171875,-0.36046987771987915,-0.04976067715429622,0.03519219160079956,-0.4233466237783432,-0.057825438912146865,0.036692678928375244,-0.4802776873111725,-0.06376421847485858
Open Palm,0.0,0.0,0.0,-0.05879032611846924,-0.05359077453613281,-0.02363668414255926,-0.10476893186569214,-0.13226202130317688,-0.034575436585157604,-0.1339397430419922,-0.20936241745948792,-0.04419410260817358,-0.1611403226852417,-0.2645967900753021,-0.05241084503433058,-0.0760108232498169,-0.27048251032829285,-0.007498335414140911,-0.08645379543304443,-0.3790212869644165,-0.021892695077269764,-0.08629339933395386,-0.44687697291374207,-0.036906950496643276,-0.08138370513916016,-0.5076162219047546,-0.0487031530072386,-0.03926980495452881,-0.28778862953186035,-0.007693162974476309,-0.042216718196868896,-0.4027158319950104,-0.018069295533507557,-0.037295401096343994,-0.4770420044660568,-0.031079821609466762,-0.030012547969818115,-0.5427459180355072,-0.041710540973156185,-0.002809762954711914,-0.2787238657474518,-0.012433983706443996,-0.0019937753677368164,-0.3849552720785141,-0.02407178128561327,0.003308594226837158,-0.45569634437561035,-0.036912162177770824,0.007542073726654053,-0.5153674781322479,-0.046181168728082866,0.03471648693084717,-0.249802827835083,-0.019894708268850536,0.04779690504074097,-0.3302447199821472,-0.0300030134101803,0.05568581819534302,-0.3870834708213806,-0.03727356376549551,0.061522603034973145,-0.44113729894161224,-0.04260265859267065
Open Palm,0.0,0.0,0.0,-0.05543702840805054,-0.04285264015197754,-0.0324036094442306,-0.10026973485946655,-0.11902737617492676,-0.049742995490163366,-0.12816429138183594,-0.19679230451583862,-0.06431350736770014,-0.15633702278137207,-0.25228363275527954,-0.07784581064137797,-0.06614673137664795,-0.26051127910614014,-0.024607316319674055,-0.07155269384384155,-0.36185115575790405,-0.04467180996093134,-0.067543625831604,-0.42553025484085083,-0.06209015726003031,-0.06068885326385498,-0.4830430746078491,-0.07560285805615763,-0.02684253454208374,-0.27770960330963135,-0.022803102348774473,-0.024572134017944336,-0.3910897374153137,-0.03954536720070223,-0.015957117080688477,-0.46129006147384644,-0.053772288103431265,-0.005691587924957275,-0.523475855588913,-0.06512939809712748,0.009783267974853516,-0.265877366065979,-0.025809057717054884,0.01541149616241455,-0.36886173486709595,-0.04390263064655642,0.02342742681503296,-0.4366850256919861,-0.05789394556435923,0.030486464500427246,-0.495466411113739,-0.06770101069363932,0.0462799072265625,-0.2324504852294922,-0.032034593363135855,0.0639420747756958,-0.3069034814834595,-0.047578404386371176,0.07596063613891602,-0.3587837219238281,-0.05719857915195803,0.08584803342819214,-0.4086819291114807,-0.0642557206645904
Open Palm,0.0,0.0,0.0,-0.0663217306137085,-0.0044550299644470215,-0.023430344803244907,-0.12616097927093506,-0.04437297582626343,-0.037914279071600276,-0.1721963882446289,-0.08950036764144897,-0.05117683034947618,-0.2144569754600525,-0.11684399843215942,-0.06429027315786584,-0.12458968162536621,-0.19531267881393433,-0.01752121482601865,-0.16167831420898438,-0.27466708421707153,-0.033431760190040904,-0.18147683143615723,-0.3260040879249573,-0.048409375516683895,-0.19857734441757202,-0.3754342198371887,-0.06094162460973962,-0.09053897857666016,-0.23547059297561646,-0.02022427242806657,-0.12253296375274658,-0.32977962493896484,-0.033760841159136135,-0.13999700546264648,-0.38874608278274536,-0.048041514275581676,-0.15572309494018555,-0.4451714754104614,-0.05970025729945405,-0.05007743835449219,-0.24624532461166382,-0.02651181739381059,-0.07555985450744629,-0.337951123714447,-0.04216575917413934,-0.09205186367034912,-0.39751166105270386,-0.0561680860500644,-0.10828840732574463,-0.45312565565109253,-0.0664791494291137,-0.0061495304107666016,-0.23747259378433228,-0.03489046466162904,-0.01452624797821045,-0.3168652653694153,-0.049645702509195644,-0.021720290184020996,-0.3713064193725586,-0.05844055783560975,-0.029955148696899414,-0.4256399869918823,-0.06481270041874154
Open Palm,0.0,0.0,0.0,-0.07298386096954346,-0.022252559661865234,-0.030741347529257723,-0.1444733738899231,-0.08192026615142822,-0.050106831424201914,-0.19960922002792358,-0.13506454229354858,-0.06822690793153185,-0.2474876046180725,-0.1640760898590088,-0.08663160779353518,-0.1243409514427185,-0.2783435583114624,-0.029004052810634562,-0.16301482915878296,-0.39052343368530273,-0.05103059911009211,-0.18360435962677002,-0.4621678590774536,-0.07008368947383303,-0.19935905933380127,-0.529446542263031,-0.08559925534602542,-0.08324992656707764,-0.31766635179519653,-0.03253200330611605,-0.11464214324951172,-0.4501054584980011,-0.052294601284231135,-0.12982332706451416,-0.5299584865570068,-0.06910738774415393,-0.1404733657836914,-0.6001010239124298,-0.0830225018489017,-0.03709763288497925,-0.32211387157440186,-0.04059354641314883,-0.056724488735198975,-0.45026955008506775,-0.06226431258794207,-0.06836110353469849,-0.5284173488616943,-0.07901084848519702,-0.07913649082183838,-0.5992473065853119,-0.09145751275893588,0.011529266834259033,-0.3021026849746704,-0.05172497832056422,0.018556058406829834,-0.40631264448165894,-0.07006045856353182,0.02281874418258667,-0.4772203862667084,-0.08130626805898089,0.024595260620117188,-0.5461289286613464,-0.09023223497744937
Open Palm,0.0,0.0,0.0,-0.07889610528945923,-0.032978177070617676,-0.04984020817596502,-0.13163131475448608,-0.13294768333435059,-0.08142979073841161,-0.15771925449371338,-0.2384381890296936,-0.1067717634471137,-0.1899784803390503,-0.342082142829895,-0.13282397020179815,-0.11081308126449585,-0.31425780057907104,-0.06874257701952047,-0.12239837646484375,-0.4818282127380371,-0.10821462053377218,-0.12610763311386108,-0.5901365876197815,-0.13709710169155187,-0.126714289188385,-0.6876554489135742,-0.15741386640388555,-0.052188992500305176,-0.3310185670852661,-0.06794041771013326,-0.06910824775695801,-0.5176938772201538,-0.10345850515682287,-0.07828408479690552,-0.6431900262832642,-0.1324080042870719,-0.087252676486969,-0.7592928409576416,-0.15305003154594488,0.003911018371582031,-0.31292784214019775,-0.07104128229934759,-0.011292636394500732,-0.4916611313819885,-0.1039658300908286,-0.02352195978164673,-0.609806090593338,-0.1264609508546073,-0.03542447090148926,-0.715644508600235,-0.14135755229312963,0.059977591037750244,-0.2710067629814148,-0.07747934389431066,0.04685652256011963,-0.40815842151641846,-0.1082029380233962,0.03454995155334473,-0.5023815631866455,-0.1231882758768279,0.022404491901397705,-0.5877443552017212,-0.13196704912502355
Open Palm,0.0,0.0,0.0,-0.06034892797470093,-0.035154104232788086,-0.023456170261472842,-0.10042387247085571,-0.12200921773910522,-0.03389467023369708,-0.11467355489730835,-0.21285778284072876,-0.0433029877400104,-0.13293695449829102,-0.28372007608413696,-0.05192107431647219,-0.07655787467956543,-0.2611668109893799,-0.012653717808992049,-0.0872083306312561,-0.3660474419593811,-0.028076599389881274,-0.08992749452590942,-0.4294350743293762,-0.04264992199894824,-0.09011781215667725,-0.48790645599365234,-0.05457969851848521,-0.04354667663574219,-0.27800798416137695,-0.013434913047224661,-0.05432337522506714,-0.3977908790111542,-0.02551316008028426,-0.06023901700973511,-0.4672725200653076,-0.03697944156882205,-0.06467747688293457,-0.5291161835193634,-0.04682036213633456,-0.011715114116668701,-0.27157336473464966,-0.018255948126882693,-0.02172088623046875,-0.38266050815582275,-0.030586230606407305,-0.029210209846496582,-0.44869017601013184,-0.03969226874467768,-0.036326050758361816,-0.505912184715271,-0.04709593303558268,0.02322220802307129,-0.24530619382858276,-0.02607221253272929,0.014125645160675049,-0.33471858501434326,-0.03697932981011309,0.005757808685302734,-0.38874632120132446,-0.04275848813411631,-0.002381443977355957,-0.4374977946281433,-0.047550470606059214
Open Palm,0.0,0.0,0.0,-0.08502364158630371,-0.04370880126953125,-0.041837576752129735,-0.1667308211326599,-0.12776774168014526,-0.06955002245825881,-0.23134231567382812,-0.19429266452789307,-0.09529505667609328,-0.28550460934638977,-0.23741507530212402,-0.12150564042252654,-0.11783969402313232,-0.37918686866760254,-0.040529511844340504,-0.1593395471572876,-0.5250461399555206,-0.06595539299172515,-0.18182605504989624,-0.6150950193405151,-0.0888686403386032,-0.19984638690948486,-0.6940907835960388,-0.1072961613289749,-0.05840253829956055,-0.4150514602661133,-0.04325651002449149,-0.07422608137130737,-0.5979419648647308,-0.0628058984629547,-0.08118504285812378,-0.7047742903232574,-0.0801636203877365,-0.08678901195526123,-0.7889620959758759,-0.09584491697472686,1.4007091522216797e-05,-0.4020978808403015,-0.05202385035676116,0.007330477237701416,-0.5715909004211426,-0.0760270505897438,0.011120080947875977,-0.6741513013839722,-0.09751365331334227,0.012735724449157715,-0.7646179497241974,-0.11423921582621688,0.05421727895736694,-0.35430747270584106,-0.06473810968321914,0.09006655216217041,-0.47134023904800415,-0.0850597396246826,0.11384785175323486,-0.5470004677772522,-0.09786135700863952,0.13188618421554565,-0.6231548190116882,-0.10891756412905806
Open Palm,0.0,0.0,0.0,-0.04872751235961914,-0.026582539081573486,-0.012762491028880163,-0.07813924551010132,-0.08521991968154907,-0.014927159432446047,-0.08750593662261963,-0.15156716108322144,-0.016647189293180986,-0.0989840030670166,-0.20120322704315186,-0.017280069548760935,-0.06176936626434326,-0.18706685304641724,0.007773798055822567,-0.07019895315170288,-0.2646026611328125,0.004870629034812168,-0.07290679216384888,-0.307608038187027,-0.0018553846945366104,-0.07497954368591309,-0.34632694721221924,-0.008240240063642545,-0.037290096282958984,-0.2003934383392334,0.007698346491778807,-0.046446144580841064,-0.2847057580947876,0.006588712897027449,-0.0516933798789978,-0.3345610499382019,-0.0002508225640127648,-0.05741524696350098,-0.37582921981811523,-0.006682121098165794,-0.014976680278778076,-0.19736862182617188,0.00434997920307012,-0.023175597190856934,-0.2744676470756531,0.0015276940342658918,-0.02974027395248413,-0.320081889629364,-0.005233185269062801,-0.036219656467437744,-0.3581981956958771,-0.011189628761385961,0.010446548461914062,-0.18053030967712402,-0.0009586951542956967,0.003496527671813965,-0.24236303567886353,-0.003953019060318752,-0.0034191012382507324,-0.27799224853515625,-0.007178054560100122,-0.009704411029815674,-0.3106575012207031,-0.01034778207180409
Open Palm,0.0,0.0,0.0,-0.0761597752571106,-0.050489068031311035,-0.028099104655215257,-0.12347567081451416,-0.14518439769744873,-0.039345590290853494,-0.1352863907814026,-0.2507648169994354,-0.04885329854232978,-0.150407612323761,-0.3353322446346283,-0.05662198540312957,-0.09029757976531982,-0.3106909394264221,-0.007861757544109338,-0.10235458612442017,-0.4346740245819092,-0.023061601338216775,-0.10553848743438721,-0.5051897466182709,-0.03952248570067596,-0.10662692785263062,-0.5698199421167374,-0.05297916558129501,-0.05069786310195923,-0.333322137594223,-0.007136849579641336,-0.0636587142944336,-0.46632176637649536,-0.018434001025983804,-0.07154589891433716,-0.5469090789556503,-0.032910322663614267,-0.07987970113754272,-0.6177980303764343,-0.045094611016342157,-0.013543546199798584,-0.3289964199066162,-0.01165806491417598,-0.025315284729003906,-0.45309221744537354,-0.024088565153309816,-0.035573601722717285,-0.5273953527212143,-0.037093972680398934,-0.04820054769515991,-0.5913115441799164,-0.047039965060779565,0.02783834934234619,-0.30115002393722534,-0.019624346760341638,0.018726885318756104,-0.4036823809146881,-0.03139177885396194,0.007101237773895264,-0.4620245695114136,-0.038983249929973596,-0.006132364273071289,-0.5141414999961853,-0.0446515175376625
Open Palm,0.0,0.0,0.0,-0.07190942764282227,-0.04139226675033569,-0.023898296022245802,-0.1196487545967102,-0.14722466468811035,-0.03332119990272275,-0.13503599166870117,-0.25428733229637146,-0.0425054300217127,-0.1527346968650818,-0.333016574382782,-0.050779094883630194,-0.08991128206253052,-0.3252880871295929,-0.008414260075817026,-0.1033480167388916,-0.4521307498216629,-0.024330764972994245,-0.10600990056991577,-0.5280578434467316,-0.04073826406283132,-0.10568773746490479,-0.5969617068767548,-0.054626362362334646,-0.048530399799346924,-0.3479110896587372,-0.010972590149769701,-0.06119292974472046,-0.4915188401937485,-0.022980026864836134,-0.06687873601913452,-0.5781778991222382,-0.036614840814301886,-0.07176297903060913,-0.6545758545398712,-0.04868530664725057,-0.008403301239013672,-0.3414205312728882,-0.01833565157038919,-0.018815994262695312,-0.47555457055568695,-0.030899774247238554,-0.02668851613998413,-0.558026060461998,-0.04381844956559888,-0.035299837589263916,-0.6297398805618286,-0.054541038313338674,0.03434133529663086,-0.31013223528862,-0.02900580313188783,0.023911893367767334,-0.41856664419174194,-0.041278870740363516,0.014074623584747314,-0.48461073637008667,-0.049996217676827825,0.004483819007873535,-0.5447500497102737,-0.057237287947366156
Open Palm,0.0,0.0,0.0,-0.06986945867538452,-0.031928062438964844,-0.01959520978935103,-0.1138540506362915,-0.13264447450637817,-0.02620377419598441,-0.12919756770133972,-0.23068195581436157,-0.03287529973395209,-0.15004009008407593,-0.3063831031322479,-0.03887692866928916,-0.09116536378860474,-0.29697108268737793,-0.003987778258398578,-0.10380849242210388,-0.4160192012786865,-0.01799560738809447,-0.10899227857589722,-0.4892015606164932,-0.03246992854483466,-0.11242860555648804,-0.555302619934082,-0.044557903242186114,-0.05580148100852966,-0.32043495774269104,-0.007448902168199822,-0.07012224197387695,-0.45434296131134033,-0.01905539473600726,-0.07797038555145264,-0.5386303663253784,-0.033019230049923465,-0.08497709035873413,-0.6121850311756134,-0.04443282289512496,-0.020943135023117065,-0.3175870478153229,-0.01512121437199454,-0.03488379716873169,-0.4421560764312744,-0.027615826857164905,-0.044537484645843506,-0.5220860838890076,-0.041014571023062274,-0.05509939789772034,-0.5900583863258362,-0.05128580359824042,0.017587780952453613,-0.29447662830352783,-0.025410283637121722,0.0063735246658325195,-0.3935073912143707,-0.03715410484083037,-0.0042130351066589355,-0.4582177698612213,-0.045773931127861545,-0.015625298023223877,-0.5165595412254333,-0.052459970396832034
Open Palm,0.0,0.0,0.0,-0.06378945708274841,-0.0445743203163147,-0.005499002115747942,-0.10080179572105408,-0.14015239477157593,-0.0038334385603135956,-0.11286461353302002,-0.22936493158340454,-0.005899750219604982,-0.1278611123561859,-0.29945045709609985,-0.007352900749019398,-0.07731878757476807,-0.3072073459625244,0.021826355194725977,-0.09223717451095581,-0.41989555954933167,0.016113210877456652,-0.10099323093891144,-0.4896574318408966,0.004866006726452099,-0.10661110281944275,-0.5560563504695892,-0.006117155367455496,-0.049271076917648315,-0.32932934165000916,0.012208317814447867,-0.06414085626602173,-0.46460607647895813,0.006728591339715706,-0.07403159141540527,-0.5488294661045074,-0.004610083123615993,-0.08042499423027039,-0.6250130236148834,-0.015084401296398653,-0.020996570587158203,-0.3281537592411041,-0.0015753586189291013,-0.03335978090763092,-0.4565947651863098,-0.00833309680404426,-0.04231239855289459,-0.5362513512372971,-0.018082836234889044,-0.050184741616249084,-0.605976015329361,-0.02669192996057035,0.010894745588302612,-0.30556243658065796,-0.017720620671234144,-0.0018909573554992676,-0.4087972939014435,-0.022837418654880537,-0.013291537761688232,-0.47387441992759705,-0.02675593789847852,-0.023533642292022705,-0.5333468616008759,-0.03136925544770719
Open Palm,0.0,0.0,0.0,-0.055415213108062744,-0.017335891723632812,-0.025035209237103118,-0.09407597780227661,-0.08404725790023804,-0.03530785928523983,-0.10864999890327454,-0.1571943759918213,-0.04405668119943584,-0.1256369650363922,-0.22105878591537476,-0.051725958688621176,-0.07826900482177734,-0.22386068105697632,-0.011285885451798094,-0.0909462571144104,-0.3155067563056946,-0.024248657031421317,-0.09512647986412048,-0.37232041358947754,-0.03764278556263889,-0.09708836674690247,-0.42624431848526,-0.048973300708894385,-0.04908430576324463,-0.2435876727104187,-0.010894292248849524,-0.06268244981765747,-0.34733402729034424,-0.02135124730921234,-0.06902644038200378,-0.4126961827278137,-0.033519101543788565,-0.07450586557388306,-0.47190606594085693,-0.04396562392867054,-0.021745264530181885,-0.24082428216934204,-0.014774849852983607,-0.03351712226867676,-0.33616411685943604,-0.025717615364555968,-0.041171491146087646,-0.3962312340736389,-0.03675274665511097,-0.049653053283691406,-0.4494873285293579,-0.045773704750899924,0.008522212505340576,-0.22069787979125977,-0.02169646064794506,-0.002190232276916504,-0.29502052068710327,-0.03272258232391323,-0.01112133264541626,-0.3447912335395813,-0.04073966409123386,-0.020310699939727783,-0.39193195104599,-0.04721821586645092
Open Palm,0.0,0.0,0.0,0.06868717074394226,-0.03572899103164673,-0.021711530783434796,0.12068541347980499,-0.12043678760528564,-0.020269122594257283,0.15300042927265167,-0.20414775609970093,-0.01754170531894772,0.18179814517498016,-0.25537580251693726,-0.014491757066210198,0.09045232832431793,-0.2666192650794983,0.009775205827097011,0.1074017733335495,-0.3742780387401581,0.007482821433583808,0.11228738725185394,-0.439759224653244,-0.00047651425957440097,0.11445681750774384,-0.4975070357322693,-0.00855331184830277,0.055591121315956116,-0.28621000051498413,0.011488689421454978,0.06829024851322174,-0.4035189747810364,0.011036386093834949,0.07287745177745819,-0.4724380373954773,-0.0006676009881658729,0.07491989433765411,-0.5289575755596161,-0.011299209357460427,0.019917234778404236,-0.281399130821228,0.008506115837732864,0.03051590919494629,-0.3909454941749573,0.0015531836168491964,0.03555162250995636,-0.45496758818626404,-0.014012880311568665,0.039842113852500916,-0.5117243528366089,-0.026257366561551976,-0.018778711557388306,-0.2578848600387573,0.002990240310097647,-0.028091639280319214,-0.3385540246963501,-0.00855221847560017,-0.03407613933086395,-0.3885478973388672,-0.01887694249417393,-0.03591327369213104,-0.43439847230911255,-0.026476342850585866
Open Palm,0.0,0.0,0.0,-0.06841731071472168,-0.0009596347808837891,-0.02234161623518105,-0.12543755769729614,-0.04312169551849365,-0.03277481884460087,-0.16499221324920654,-0.09941858053207397,-0.04237554014424916,-0.20149004459381104,-0.13318079710006714,-0.051538785702987866,-0.11392033100128174,-0.19443818926811218,-0.006986174050226168,-0.14451462030410767,-0.2828449010848999,-0.016719629771515088,-0.1592932939529419,-0.3386904001235962,-0.02863645159403916,-0.16971218585968018,-0.3909757435321808,-0.03900427908401127,-0.08336126804351807,-0.22966071963310242,-0.007704252160593228,-0.10963940620422363,-0.330780565738678,-0.013919772363706784,-0.12272375822067261,-0.39510175585746765,-0.024487836069866376,-0.1317436695098877,-0.4469398260116577,-0.03436638579468365,-0.04891490936279297,-0.2420254647731781,-0.01271956764857407,-0.06741964817047119,-0.3384180963039398,-0.020901907018824772,-0.07875633239746094,-0.4010648727416992,-0.033571639812990384,-0.08796775341033936,-0.4525901824235916,-0.04401238427261944,-0.010583877563476562,-0.24006465077400208,-0.02048982471923466,-0.01640903949737549,-0.3242005705833435,-0.02849666938881512,-0.0210646390914917,-0.37785327434539795,-0.036307031072183804,-0.0261155366897583,-0.4262850880622864,-0.04319062621097203
Open Palm,0.0,0.0,0.0,-0.06921258568763733,0.01568356156349182,-0.02356488492334563,-0.13199052214622498,-0.018994837999343872,-0.033411030210501735,-0.1780470609664917,-0.06590858101844788,-0.042370580621010845,-0.2159360945224762,-0.09471580386161804,-0.051433478034979885,-0.12022155523300171,-0.17351508140563965,-0.008740868903643673,-0.16023612022399902,-0.255036324262619,-0.021511011309868877,-0.18398112058639526,-0.30895520746707916,-0.036077533401496,-0.2032598853111267,-0.3596109673380852,-0.04792248878622729,-0.09215569496154785,-0.21869425475597382,-0.00919058501715142,-0.12458914518356323,-0.31729596108198166,-0.017382441572792118,-0.1461283564567566,-0.379522368311882,-0.02948301706457812,-0.16336959600448608,-0.4305999428033829,-0.040348187573201244,-0.05886450409889221,-0.24200290441513062,-0.014053555689699238,-0.08513206243515015,-0.33555180579423904,-0.022986762709862774,-0.10229805111885071,-0.3971227705478668,-0.0355926384403773,-0.11654675006866455,-0.4491696059703827,-0.04610870454455096,-0.022272169589996338,-0.2502892166376114,-0.021975677944666927,-0.03470081090927124,-0.3357468619942665,-0.030714251585251873,-0.04350939393043518,-0.38840973377227783,-0.03810406897211749,-0.05175018310546875,-0.4351271837949753,-0.04458163727069575
Open Palm,0.0,0.0,0.0,-0.06315538287162781,0.023624002933502197,-0.017762047199841646,-0.11820027232170105,-0.013957738876342773,-0.023864404259558825,-0.1551780104637146,-0.05731719732284546,-0.030747228263255266,-0.18525634706020355,-0.07594144344329834,-0.037940855099197535,-0.10518649220466614,-0.1820460557937622,0.0006893337510227582,-0.14196425676345825,-0.25571081042289734,-0.009790284520324377,-0.16834157705307007,-0.29884207248687744,-0.02263683356189361,-0.19241997599601746,-0.3340597152709961,-0.03239042959951988,-0.0796312689781189,-0.22657734155654907,-0.001766333666939346,-0.11041508615016937,-0.31662142276763916,-0.0076804095491134206,-0.13858318328857422,-0.37331947684288025,-0.01853200509988895,-0.16417865455150604,-0.4165193438529968,-0.02791627771997085,-0.05218181014060974,-0.251908540725708,-0.008559434635873941,-0.07675093412399292,-0.34409159421920776,-0.015327929480310587,-0.10090036690235138,-0.40480466187000275,-0.027340120597120432,-0.12248393893241882,-0.4495692700147629,-0.036484151108499674,-0.023204892873764038,-0.2619783580303192,-0.01813558764600387,-0.04021009802818298,-0.3460597097873688,-0.02380497470342746,-0.053787022829055786,-0.40145911276340485,-0.030069940684672503,-0.06805816292762756,-0.4465544819831848,-0.03528133310222259
Open Palm,0.0,0.0,0.0,-0.0663943886756897,-0.021789252758026123,-0.02749306846291688,-0.1240987777709961,-0.0845557451248169,-0.04329730521769193,-0.16628605127334595,-0.15153753757476807,-0.05768461104364064,-0.20430243015289307,-0.19388973712921143,-0.07136180948347715,-0.10683584213256836,-0.2534640431404114,-0.017040835208007366,-0.1331530213356018,-0.35441476106643677,-0.033328793457457095,-0.1472632884979248,-0.415486216545105,-0.04969992067546514,-0.15904736518859863,-0.47159337997436523,-0.06312441777319577,-0.07191568613052368,-0.2865830659866333,-0.018145627788015872,-0.09381228685379028,-0.4005669951438904,-0.030842115617105037,-0.10581904649734497,-0.47025227546691895,-0.044882412514397174,-0.11663317680358887,-0.5298269987106323,-0.05694331180185941,-0.03333914279937744,-0.290600061416626,-0.02373013224334386,-0.046689748764038086,-0.4034096598625183,-0.03734968554110196,-0.05630618333816528,-0.47440457344055176,-0.052016764393755466,-0.06673663854598999,-0.5356030464172363,-0.06350345115990308,0.007615149021148682,-0.27405476570129395,-0.03226597558588651,0.008087873458862305,-0.3662492036819458,-0.04474291156859067,0.0065021514892578125,-0.4267934560775757,-0.05413202892870572,0.002827882766723633,-0.4823877811431885,-0.061676114312120944
Open Palm,0.0,0.0,0.0,-0.052257388830184937,-0.0157930850982666,-0.015929160975126422,-0.09857940673828125,-0.06610691547393799,-0.03206451084485451,-0.13814297318458557,-0.09888273477554321,-0.05047128196826378,-0.17848944664001465,-0.11357259750366211,-0.07019859027138153,-0.09787952899932861,-0.2278251051902771,-0.013738292604891456,-0.13142913579940796,-0.3200737237930298,-0.03868719037642876,-0.16126510500907898,-0.35070037841796875,-0.061159110032228625,-0.19049179553985596,-0.3727007508277893,-0.07570132832994858,-0.07498839497566223,-0.24674004316329956,-0.022928892038969195,-0.10164478421211243,-0.3639780282974243,-0.0418667330967466,-0.13073503971099854,-0.41605329513549805,-0.059520507566837466,-0.1587950587272644,-0.454200804233551,-0.07230082374086777,-0.04557129740715027,-0.24089789390563965,-0.03553476776948372,-0.06676310300827026,-0.36088448762893677,-0.05139036696424881,-0.09061726927757263,-0.4180904030799866,-0.06340840678682724,-0.11584651470184326,-0.4650283455848694,-0.0718967489527742,-0.013449102640151978,-0.21727299690246582,-0.05017552372088829,-0.025394201278686523,-0.31068265438079834,-0.061855784021524585,-0.037560999393463135,-0.36732184886932373,-0.06669841181507508,-0.052153050899505615,-0.4184785485267639,-0.07036473821869293
Open Palm,0.0,0.0,0.0,-0.0498502254486084,-0.0018570423126220703,-0.004193946965159512,-0.09179943799972534,-0.04149007797241211,-0.00942436863121543,-0.12352675199508667,-0.07101905345916748,-0.018752096932502127,-0.1552295684814453,-0.08656704425811768,-0.029110681977243758,-0.09507304430007935,-0.19649624824523926,0.009474422071008348,-0.1342180073261261,-0.26412343978881836,-0.007255565155418253,-0.16716314852237701,-0.29283905029296875,-0.0256712965333179,-0.19573254883289337,-0.3068017363548279,-0.037506920065851546,-0.08106496930122375,-0.21633625030517578,-0.0018387074946701887,-0.11726334691047668,-0.30739760398864746,-0.013167944517107344,-0.15120211243629456,-0.35408180952072144,-0.02688737471041236,-0.18181964755058289,-0.3861522674560547,-0.03683629330632243,-0.06243246793746948,-0.2212303876876831,-0.016743396189184523,-0.0917048454284668,-0.3237971067428589,-0.026822379570575094,-0.11902552843093872,-0.38379722833633423,-0.036880195852489805,-0.14333271980285645,-0.4273287057876587,-0.04389956292149577,-0.04187086224555969,-0.21315997838974,-0.03324372765061412,-0.06593239307403564,-0.2966497540473938,-0.04194029491779361,-0.0847841203212738,-0.35229408740997314,-0.04629371386405978,-0.10167178511619568,-0.4007585048675537,-0.049429387565822935
Open Palm,0.0,0.0,0.0,0.07614389061927795,-0.03087383508682251,-0.016229045211517246,0.1255752146244049,-0.11288315057754517,-0.011702874309563072,0.1550506055355072,-0.19572365283966064,-0.007233606751256616,0.17881032824516296,-0.2540375590324402,-0.0030710870467061113,0.10095182061195374,-0.24849611520767212,0.017080915526307194,0.11995342373847961,-0.35723698139190674,0.01680641564801988,0.12902727723121643,-0.4224722385406494,0.009688608714199631,0.13636600971221924,-0.48098987340927124,0.001289335678151815,0.06784862279891968,-0.2707890570163727,0.015067403570569127,0.08412590622901917,-0.3860321342945099,0.015022606023407548,0.09424212574958801,-0.4571755528450012,0.001706098222925334,0.10099613666534424,-0.5151983797550201,-0.01066440866067353,0.031656354665756226,-0.2667970657348633,0.008559464842832654,0.04401072859764099,-0.3777313828468323,-0.0002775070440890204,0.05212846398353577,-0.44516828656196594,-0.018805387064062984,0.060447096824645996,-0.5053758025169373,-0.03318259549065772,-0.008706092834472656,-0.24542397260665894,0.00018706811736990403,-0.01767498254776001,-0.332707017660141,-0.01492838245555106,-0.023249506950378418,-0.38934779167175293,-0.02832855154498759,-0.0231359601020813,-0.44166630506515503,-0.0382175488464469
Open Palm,0.0,0.0,0.0,0.06144335865974426,-0.02599620819091797,-0.02008889194118524,0.10697168111801147,-0.105033278465271,-0.021718274313087704,0.13434076309204102,-0.18259543180465698,-0.02228610913741136,0.15716591477394104,-0.23476672172546387,-0.02352889950859094,0.08491513133049011,-0.23882704973220825,-0.0049972096225872065,0.0989176332950592,-0.3415682315826416,-0.014921295899029019,0.1045549213886261,-0.4029363989830017,-0.0263862604974463,0.10761153697967529,-0.456931471824646,-0.03629201974260354,0.05344557762145996,-0.25715696811676025,-0.006643700855846646,0.06386014819145203,-0.3680514097213745,-0.015350369247670415,0.06953969597816467,-0.4363742470741272,-0.02934290606069112,0.07245570421218872,-0.49393224716186523,-0.04112772967206979,0.020238026976585388,-0.250530481338501,-0.011936777713771107,0.026452943682670593,-0.356655478477478,-0.025792294624324086,0.030682861804962158,-0.42246466875076294,-0.04249363716232324,0.03504180908203125,-0.48102524876594543,-0.05487010579096818,-0.015019908547401428,-0.2240290641784668,-0.019139268877978566,-0.026783034205436707,-0.30603641271591187,-0.03681865285622621,-0.03384469449520111,-0.3596231937408447,-0.04944757323252702,-0.03676585853099823,-0.410420298576355,-0.058098665881033185
Open Palm,0.0,0.0,0.0,0.052570439875125885,-0.0331650972366333,-0.016097432064995587,0.09028158336877823,-0.08598217368125916,-0.010644971455619157,0.11283791810274124,-0.14976313710212708,-0.002957177643835962,0.1303442195057869,-0.18948572874069214,0.00560829269961971,0.0773441419005394,-0.17079192399978638,0.017553524982943713,0.09505333751440048,-0.25023384392261505,0.01991559000016707,0.10128297656774521,-0.3009878844022751,0.015100659739985645,0.1052037850022316,-0.3444017767906189,0.009753050220027148,0.05248402804136276,-0.18236082792282104,0.023108527001753032,0.06555528193712234,-0.2644661068916321,0.026807149809613406,0.0705224946141243,-0.320567786693573,0.015704367247238338,0.07233206182718277,-0.36437638103961945,0.0055382637612666485,0.025937356054782867,-0.1780138909816742,0.02515044615866202,0.03748936206102371,-0.2489369511604309,0.022348750320091426,0.040337346494197845,-0.29842711985111237,0.007641089086249053,0.043596453964710236,-0.3409852087497711,-0.0036745160512481334,-0.0028322115540504456,-0.16454508900642395,0.02565626421274203,-0.009222850203514099,-0.21601960062980652,0.019324622985735118,-0.015492327511310577,-0.25334247946739197,0.010525001150384128,-0.01603880524635315,-0.2891344875097275,0.003799962981432259
Open Palm,0.0,0.0,0.0,0.062435418367385864,-0.01269027590751648,-0.014979497715017942,0.10759404301643372,-0.0619756281375885,-0.010267923771522192,0.1371329128742218,-0.11982637643814087,-0.005196764784983543,0.16007038950920105,-0.1592845916748047,0.00011937618918977932,0.09409204125404358,-0.1687372624874115,0.017888827063956114,0.12073218822479248,-0.24037155508995056,0.01834362540475354,0.13318076729774475,-0.2877725213766098,0.012774924562194201,0.14319369196891785,-0.3308033347129822,0.0063141810715876545,0.06917557120323181,-0.19424013793468475,0.018583506160297247,0.08825802803039551,-0.2770981937646866,0.01852713506750092,0.09985950589179993,-0.33134825527668,0.006734224782206866,0.10863146185874939,-0.37543949484825134,-0.0034801801192827497,0.04026409983634949,-0.19990892708301544,0.015352448263087126,0.05571863055229187,-0.2798317074775696,0.008277757839181277,0.0652841329574585,-0.3296394646167755,-0.006980051937631515,0.07528570294380188,-0.3744989484548569,-0.018291501513800767,0.0070656538009643555,-0.19235731661319733,0.010418770649351927,0.004610389471054077,-0.25500576198101044,-0.0014708437483079706,0.0026290416717529297,-0.2977066785097122,-0.012052300571582464,0.0050470829010009766,-0.33690106868743896,-0.01934253815480247
Open Palm,0.0,0.0,0.0,0.06557193398475647,-0.01599663496017456,-0.0211182240630734,0.11429101228713989,-0.07882004976272583,-0.02137645559862733,0.14178255200386047,-0.14957335591316223,-0.020240895846043827,0.16254597902297974,-0.19928812980651855,-0.019700842374120953,0.09344789385795593,-0.2077386975288391,-0.003049081820179822,0.11792376637458801,-0.2970231771469116,-0.01092295388237119,0.13078013062477112,-0.35239996016025543,-0.020664677419816257,0.14077427983283997,-0.4033324420452118,-0.02969986053660989,0.06501126289367676,-0.23416787385940552,-0.0025961018867093344,0.08123475313186646,-0.3363059461116791,-0.011367869028006794,0.09061780571937561,-0.40044105052948,-0.025495198019896748,0.09739592671394348,-0.45390287041664124,-0.03698307501629472,0.03344222903251648,-0.2372429370880127,-0.005696957861189844,0.04567062854766846,-0.3351284861564636,-0.020176127948914768,0.053522974252700806,-0.3959134817123413,-0.03690251188830018,0.060896724462509155,-0.44841238856315613,-0.04873078914836526,-0.0021705329418182373,-0.2223222553730011,-0.010696722590481045,-0.009296208620071411,-0.29842469096183777,-0.028831255086814167,-0.014069825410842896,-0.34867511689662933,-0.041234815889154675,-0.015919417142868042,-0.3950609117746353,-0.049288480007206203
Open Palm,0.0,0.0,0.0,0.06006842851638794,-0.029246985912322998,-0.02239241550084614,0.10504135489463806,-0.10368615388870239,-0.024510187156167262,0.12809482216835022,-0.18850016593933105,-0.025074920676317447,0.14988592267036438,-0.24347209930419922,-0.02596065314826035,0.083587646484375,-0.23987752199172974,-0.0047458215278055604,0.10081523656845093,-0.34003564715385437,-0.013920296974148982,0.10711514949798584,-0.3994055688381195,-0.024647387735214465,0.11093968152999878,-0.45207297801971436,-0.03407350840386414,0.05055186152458191,-0.25934284925460815,-0.00439376250248813,0.05998221039772034,-0.37297677993774414,-0.012837210729387039,0.0634165108203888,-0.4394036531448364,-0.0265152985822823,0.06479820609092712,-0.49434366822242737,-0.03795020940121674,0.016929328441619873,-0.25410473346710205,-0.007832014061179393,0.02249884605407715,-0.3583042621612549,-0.02089926513251328,0.026080802083015442,-0.4220697283744812,-0.03617984714325928,0.029581651091575623,-0.4768790602684021,-0.0475141732614901,-0.019333690404891968,-0.22932881116867065,-0.0134390593167808,-0.03137443959712982,-0.30694055557250977,-0.02959471108731293,-0.03832411766052246,-0.3563501834869385,-0.04069802822884583,-0.0416284054517746,-0.4023425579071045,-0.04815715091642403
Open Palm,0.0,0.0,0.0,0.0660640299320221,-0.03567707538604736,-0.014346323921841986,0.10515405237674713,-0.10398721694946289,-0.01180576068864525,0.130148783326149,-0.18261045217514038,-0.00913368260071934,0.14604903757572174,-0.23617321252822876,-0.007050951491606838,0.08492767810821533,-0.2188742756843567,0.013065576538878076,0.10021291673183441,-0.31946974992752075,0.00928590538396179,0.10526995360851288,-0.3785823583602905,-0.00041928929559276185,0.1088038980960846,-0.4338364005088806,-0.009821426137847311,0.055598869919776917,-0.23651081323623657,0.011948782936173075,0.06351514160633087,-0.3425178825855255,0.007188428644525402,0.06592793762683868,-0.40934664011001587,-0.00838317909793318,0.06598500907421112,-0.4654172658920288,-0.021379072233600027,0.023587360978126526,-0.2320922613143921,0.00742673732756316,0.0289907306432724,-0.3325017988681793,-0.003192015705195672,0.030598238110542297,-0.39451807737350464,-0.020747128888530142,0.03136596083641052,-0.4486006200313568,-0.03343461455361307,-0.011661037802696228,-0.21226203441619873,0.0015321747488030724,-0.023892425000667572,-0.2880129814147949,-0.012090828284186728,-0.03179207444190979,-0.33858296275138855,-0.023271188154382116,-0.035312920808792114,-0.3844941556453705,-0.03094143421904505
Open Palm,0.0,0.0,0.0,0.06078916788101196,-0.03213691711425781,-0.019862124030723294,0.09928670525550842,-0.09454405307769775,-0.01775489680959197,0.12356817722320557,-0.16775798797607422,-0.014320968915953358,0.14290368556976318,-0.2198038399219513,-0.01063271079702588,0.08220641314983368,-0.20487117767333984,0.015371651123032848,0.09804998338222504,-0.29611679911613464,0.015871003935799877,0.1039743423461914,-0.3510372042655945,0.009094613338575641,0.10807669162750244,-0.40204933285713196,0.0012387428104290166,0.05459362268447876,-0.22134935855865479,0.017691994751558582,0.06458954513072968,-0.3186403512954712,0.01813040926562337,0.0693461000919342,-0.38076215982437134,0.0055551884833136,0.07172080874443054,-0.43311068415641785,-0.005934198652639111,0.02410566806793213,-0.2170409858226776,0.015456149088905136,0.03229597210884094,-0.30777573585510254,0.00785889729367284,0.035547345876693726,-0.3642316460609436,-0.009042508234514912,0.039434075355529785,-0.41702958941459656,-0.021808439200057705,-0.009342491626739502,-0.1996830701828003,0.01109895456092147,-0.017041057348251343,-0.2673190236091614,-0.0018026967628514967,-0.023690253496170044,-0.3132815361022949,-0.013971481737925728,-0.025052271783351898,-0.3581210970878601,-0.022776258443727215
Open Palm,0.0,0.0,0.0,0.05927036702632904,-0.03438287973403931,-0.015489661490164508,0.09553135931491852,-0.0907222330570221,-0.009527897817633857,0.1168498545885086,-0.1570102572441101,-0.0023418854750616447,0.13493694365024567,-0.2021891474723816,0.005159968620546351,0.07924951612949371,-0.18309825658798218,0.02576347498074938,0.09472210705280304,-0.26710978150367737,0.032840824330605756,0.09978221356868744,-0.31902164220809937,0.029604515636719952,0.10340331494808197,-0.3661319613456726,0.023606569150842915,0.05328243970870972,-0.19712752103805542,0.029184435138859044,0.061272233724594116,-0.28768354654312134,0.034298232401170026,0.06516213715076447,-0.3485950082540512,0.020827115157999287,0.06561727821826935,-0.39520028233528137,0.008316119777418862,0.02528141438961029,-0.1925484836101532,0.028708752820648442,0.032992005348205566,-0.27506551146507263,0.025142500752963315,0.035798683762550354,-0.3290633112192154,0.006324233597524653,0.039396733045578,-0.3788701146841049,-0.008194946108005752,-0.005603894591331482,-0.17956796288490295,0.02673615945354868,-0.011636704206466675,-0.2416399121284485,0.016762320528187047,-0.018710151314735413,-0.2852025628089905,0.0037366539411323174,-0.01950518786907196,-0.32897402346134186,-0.006128077284984101
Open Palm,0.0,0.0,0.0,0.05300621688365936,-0.026763319969177246,-0.017839563934273883,0.09179867804050446,-0.07982972264289856,-0.015006465761132404,0.11652535200119019,-0.14434942603111267,-0.010226075461275741,0.13509732484817505,-0.18676817417144775,-0.005434603354103729,0.08059448003768921,-0.1731451153755188,0.013141479419402913,0.0957266092300415,-0.2512320578098297,0.013921064400904015,0.10073044896125793,-0.3030616343021393,0.007573422586403922,0.1040886789560318,-0.35077404975891113,0.00020530664534135212,0.055670201778411865,-0.1874982714653015,0.016379194410376385,0.06361256539821625,-0.27465152740478516,0.015526053571932152,0.06713005900382996,-0.3341134190559387,0.0011483524756954466,0.06634396314620972,-0.3824889212846756,-0.011091597302026912,0.02896927297115326,-0.18317189812660217,0.016232833342485264,0.037560880184173584,-0.26162809133529663,0.007536164095483855,0.03955771028995514,-0.31300967931747437,-0.009674241690106555,0.04144395887851715,-0.3605732172727585,-0.021840656099982425,-4.70280647277832e-05,-0.16873663663864136,0.014622328879170254,-0.004771441221237183,-0.22772616147994995,0.0015215307537914669,-0.010857820510864258,-0.26847043633461,-0.009940426720447704,-0.011239022016525269,-0.30875368416309357,-0.017734596429534122
Open Palm,0.0,0.0,0.0,0.04907640814781189,-0.041151076555252075,-0.03168259354271186,0.08238884806632996,-0.10313564538955688,-0.03146508501805556,0.10225914418697357,-0.1681784987449646,-0.025812055710332515,0.1215093731880188,-0.2189847230911255,-0.01823530698158038,0.07342073321342468,-0.18597379326820374,0.01436813848130214,0.091615229845047,-0.26426371932029724,0.021356849205119488,0.09504397213459015,-0.3150097131729126,0.018520806189997074,0.09496769309043884,-0.35674145817756653,0.015269648488981602,0.0489678829908371,-0.1918811798095703,0.03165148777924287,0.0605720579624176,-0.27519938349723816,0.043588450383765576,0.060307249426841736,-0.330579474568367,0.03674167973957765,0.05601733922958374,-0.36810216307640076,0.029680010136587498,0.02630119025707245,-0.18671223521232605,0.043917997014148114,0.03484773635864258,-0.2574618458747864,0.05260726271234262,0.035219550132751465,-0.3085612505674362,0.042092753779513714,0.034831151366233826,-0.3501575142145157,0.032415261697394726,0.0032309740781784058,-0.17288321256637573,0.052524892818553326,-0.001059114933013916,-0.21888965368270874,0.05665890334211099,-0.005475975573062897,-0.2498740255832672,0.05183917490802514,-0.007850468158721924,-0.27867069840431213,0.04723064435683
Open Palm,0.0,0.0,0.0,0.05017352104187012,-0.051708221435546875,-0.029037220468410396,0.07953956723213196,-0.11345654726028442,-0.02930998436141863,0.09343910217285156,-0.17488139867782593,-0.02625882818330183,0.10980398952960968,-0.22191089391708374,-0.02222566126812353,0.06299741566181183,-0.19002467393875122,0.020998701388350582,0.07491879165172577,-0.2675378769636154,0.027851372892371273,0.07635800540447235,-0.32050976157188416,0.024403577605596638,0.07420378923416138,-0.36064107716083527,0.02020144456099615,0.03710643947124481,-0.19356411695480347,0.03469244756769285,0.04413639008998871,-0.2789803445339203,0.04655928530763731,0.04276534914970398,-0.33614619076251984,0.037687551165333844,0.03978268802165985,-0.37637943029403687,0.028553252974859333,0.01414276659488678,-0.18432262539863586,0.0428722537405406,0.019208721816539764,-0.25591227412223816,0.049412764544001675,0.019471868872642517,-0.3062894195318222,0.034988339925519085,0.018183499574661255,-0.34849271178245544,0.022479450265279866,-0.010422676801681519,-0.1681549847126007,0.047598183090201474,-0.017056837677955627,-0.2128618359565735,0.04781559848260031,-0.022602304816246033,-0.24490609765052795,0.0387196912712966,-0.025798551738262177,-0.2747763693332672,0.030816541919818974
Open Palm,0.0,0.0,0.0,0.03558114171028137,-0.0027157068252563477,-0.011523578612845142,0.06662756204605103,-0.03327178955078125,-0.010094443633001049,0.08781811594963074,-0.07065945863723755,-0.007694226055185993,0.10413035750389099,-0.09561353921890259,-0.005374157166819771,0.05531865358352661,-0.10886448621749878,0.0037759835191408797,0.07207775115966797,-0.15834170579910278,0.003937582188505928,0.079662024974823,-0.18838214874267578,0.001908777450431387,0.08457967638969421,-0.21265274286270142,-0.0006506666599435107,0.03730583190917969,-0.12243354320526123,0.005394179542768995,0.0506625771522522,-0.17953187227249146,0.006217573006857435,0.057022541761398315,-0.21240371465682983,0.0010884826129640146,0.061631739139556885,-0.2374938726425171,-0.0036057294986804322,0.01891312003135681,-0.12334990501403809,0.004793944471735756,0.02917209267616272,-0.17504501342773438,0.0014152812596748277,0.03479906916618347,-0.2055414319038391,-0.006742202973704536,0.03987810015678406,-0.23228389024734497,-0.012955270073156555,-0.0007922351360321045,-0.11623966693878174,0.0030224287707696362,-0.002940624952316284,-0.15272635221481323,-0.002613924507762988,-0.003776848316192627,-0.17554491758346558,-0.007975537626784046,-0.002552032470703125,-0.19707340002059937,-0.01196290489171048
Open Palm,0.0,0.0,0.0,0.07764637470245361,-0.06952404975891113,-0.026709091091916548,0.12172749638557434,-0.18211209774017334,-0.031060427600905882,0.13762786984443665,-0.28301751613616943,-0.03482995758430718,0.1503044068813324,-0.3648492097854614,-0.03891786764042138,0.06731420755386353,-0.33649080991744995,0.0012265521228158605,0.06490641832351685,-0.46369802951812744,-0.014331607321665274,0.05796121060848236,-0.5358681082725525,-0.03411643410699128,0.05003976821899414,-0.6044307351112366,-0.04998821223752259,0.026372596621513367,-0.33877676725387573,-0.0012902973093247283,0.02244400978088379,-0.47568291425704956,-0.01398497464732884,0.018960386514663696,-0.56228107213974,-0.03428365121261834,0.014269247651100159,-0.6347551941871643,-0.05190461332576035,-0.012549221515655518,-0.3147900104522705,-0.009908611128494726,-0.016559988260269165,-0.4460434913635254,-0.02755370008425473,-0.01822921633720398,-0.5232601165771484,-0.045205248693392264,-0.01798023283481598,-0.5931248068809509,-0.05824830214159249,-0.05169390141963959,-0.27316445112228394,-0.021837212318942534,-0.05568289756774902,-0.3739383816719055,-0.040302762935326086,-0.05581653118133545,-0.436092346906662,-0.051644766876862036,-0.0518660843372345,-0.4974215030670166,-0.06023479829208611
Open Palm,0.0,0.0,0.0,0.06533515453338623,-0.03411674499511719,-0.009927368711863949,0.11348110437393188,-0.1407570242881775,-0.01270649860445161,0.14458632469177246,-0.22463202476501465,-0.017747319292460872,0.17257148027420044,-0.2862526774406433,-0.025074963446890308,0.09518986940383911,-0.2990151047706604,-0.010793652374481155,0.10453921556472778,-0.43115895986557007,-0.0298094479257216,0.11064672470092773,-0.5091599822044373,-0.04703797864559789,0.11533069610595703,-0.5782291293144226,-0.06120140197518964,0.06723248958587646,-0.3062565326690674,-0.02322265970352788,0.07657772302627563,-0.4615495502948761,-0.04153875726107259,0.08511698246002197,-0.5578342974185944,-0.05988572629932065,0.09198135137557983,-0.6394081711769104,-0.07529489788058896,0.03629356622695923,-0.2863007187843323,-0.038255997922455265,0.04223543405532837,-0.43695536255836487,-0.05842094215396543,0.049866676330566406,-0.5271817445755005,-0.0745117524528851,0.059053897857666016,-0.6051588952541351,-0.08690998050216336,0.0022761523723602295,-0.24558711051940918,-0.054457535024916126,0.002454221248626709,-0.3624085783958435,-0.07671646120790143,0.007725834846496582,-0.4395313858985901,-0.0897472957039227,0.015603423118591309,-0.5110254883766174,-0.09937993529084821
Open Palm,0.0,0.0,0.0,-0.056254804134368896,-0.058754801750183105,-0.0292095675232531,-0.0973474383354187,-0.15117663145065308,-0.05285037337864651,-0.12464243173599243,-0.23371374607086182,-0.07450678228462948,-0.15293079614639282,-0.30651408433914185,-0.09726333647097363,-0.04962515830993652,-0.28767383098602295,-0.04550667881096615,-0.048787474632263184,-0.4252423644065857,-0.07497257768238796,-0.04594391584396362,-0.5078607797622681,-0.09575318574036373,-0.04162144660949707,-0.5800562500953674,-0.1104528236302258,-0.006343662738800049,-0.283077597618103,-0.05083879484857334,-0.0004305243492126465,-0.4349974989891052,-0.07767527579392208,0.0038574934005737305,-0.5274722576141357,-0.09723348944510235,0.008357822895050049,-0.611014187335968,-0.11087530880297436,0.03435331583023071,-0.24955052137374878,-0.05890923022354855,0.04499775171279907,-0.39506423473358154,-0.08426308660830273,0.04895251989364624,-0.4861021041870117,-0.09990616916741146,0.051211535930633545,-0.5696774423122406,-0.11003751336659207,0.07362985610961914,-0.19576328992843628,-0.06896507768954052,0.08593732118606567,-0.3041834235191345,-0.09136109083021893,0.09126496315002441,-0.3775540590286255,-0.10113129793728604,0.0953109860420227,-0.4464735984802246,-0.10677412181223644
Open Palm,0.0,0.0,0.0,-0.06161999702453613,-0.05851149559020996,-0.0315655462872968,-0.10380136966705322,-0.14995914697647095,-0.056275873674152876,-0.12875521183013916,-0.23558086156845093,-0.07890784670233586,-0.15582937002182007,-0.3118107318878174,-0.10269188810705998,-0.054541587829589844,-0.2887629270553589,-0.0488912865948663,-0.051448941230773926,-0.4245625138282776,-0.07841325481057027,-0.04768449068069458,-0.5077673196792603,-0.09961772639870503,-0.043193161487579346,-0.5819084346294403,-0.11493414570212224,-0.00956881046295166,-0.28488391637802124,-0.052896614415644194,-0.0018627643585205078,-0.4375319480895996,-0.07936426926970341,0.002584517002105713,-0.5302085876464844,-0.09868853469014027,0.007671177387237549,-0.6159340441226959,-0.1128411286008344,0.03303641080856323,-0.2517700791358948,-0.05964684416174748,0.043743014335632324,-0.397289514541626,-0.08400171924948552,0.04798245429992676,-0.4884459376335144,-0.09914702851891377,0.05079084634780884,-0.5733542442321777,-0.10947608877539494,0.07387477159500122,-0.19899475574493408,-0.06876765121340611,0.08799958229064941,-0.3101462125778198,-0.08951158751368382,0.09330058097839355,-0.3828897476196289,-0.09869848866581776,0.09689450263977051,-0.45322346687316895,-0.10454116691470006
Open Palm,0.0,0.0,0.0,-0.07609444856643677,-0.055135250091552734,-0.03197518417150036,-0.11961817741394043,-0.16516631841659546,-0.04708921217829243,-0.13421475887298584,-0.27808547019958496,-0.060385414003434335,-0.15558260679244995,-0.3648737370967865,-0.07257540950089947,-0.07679104804992676,-0.3493100702762604,-0.019747725292148743,-0.08205258846282959,-0.4919501841068268,-0.03861878493339077,-0.08037358522415161,-0.5738766640424728,-0.05685431563765064,-0.07607996463775635,-0.6471876204013824,-0.07146815636664883,-0.03129172325134277,-0.3665386736392975,-0.018978149234357033,-0.036108553409576416,-0.5250226557254791,-0.03254531004935757,-0.03839588165283203,-0.6201827526092529,-0.047051821439566766,-0.04107004404067993,-0.7034578025341034,-0.05966192164927975,0.010803639888763428,-0.35429587960243225,-0.023163173883261834,0.0072411298751831055,-0.5002513825893402,-0.036154892831149255,0.0025559663772583008,-0.5895774513483047,-0.04891037249475971,-0.004473865032196045,-0.6659902334213257,-0.05955052429348484,0.053570568561553955,-0.3159765303134918,-0.031280387728514825,0.051360905170440674,-0.4323689341545105,-0.04247333162933842,0.04510974884033203,-0.502532422542572,-0.049718358158173714,0.03761512041091919,-0.5650368332862854,-0.0559761939337875
Closed,0.0,0.0,0.0,0.042988136410713196,-0.014831364154815674,-0.009347516555848756,0.0783059149980545,-0.08033561706542969,-0.010885617208245435,0.07461942732334137,-0.16344815492630005,-0.012933733385565915,0.04882781207561493,-0.20450890064239502,-0.010939116102221647,0.06946973502635956,-0.13897642493247986,0.004990515320983491,0.08116032183170319,-0.19737529754638672,-0.013781374764207044,0.07161657512187958,-0.13689270615577698,-0.023784229975703397,0.06690879166126251,-0.10941565036773682,-0.028097166192296186,0.04099328815937042,-0.14653894305229187,0.0017999661140635226,0.0494266003370285,-0.20050093531608582,-0.01816530942595307,0.04300247132778168,-0.12107831239700317,-0.02320235453224484,0.041847482323646545,-0.10894936323165894,-0.02226909666931931,0.012977898120880127,-0.14770010113716125,-0.004831557605925241,0.02067650854587555,-0.1974298357963562,-0.02815351679599587,0.018368065357208252,-0.11745858192443848,-0.02247400439954106,0.018336564302444458,-0.10179480910301208,-0.012683858607474008,-0.01752389967441559,-0.14795753359794617,-0.011855211552742162,-0.006606161594390869,-0.17991647124290466,-0.02427681579864327,-0.004392519593238831,-0.12656325101852417,-0.016529746797445455,-0.00560249388217926,-0.1106070876121521,-0.007787375223401227
Closed,0.0,0.0,0.0,0.0367913618683815,-0.038157522678375244,-0.01786462685001311,0.061109043657779694,-0.11679810285568237,-0.02477414255869803,0.049843840301036835,-0.1970045119524002,-0.03054371384811816,0.023310847580432892,-0.23999932408332825,-0.031305813248280856,0.0657941922545433,-0.190687894821167,-0.0026063958825659483,0.05764634162187576,-0.25300392508506775,-0.02570551169944224,0.05318184942007065,-0.19302523136138916,-0.03788355460298476,0.05726034194231033,-0.161990687251091,-0.042827100510720584,0.033305563032627106,-0.1948184221982956,-0.002900830720562908,0.021588928997516632,-0.2556794583797455,-0.02883671319020209,0.024524100124835968,-0.17346617579460144,-0.03387110402715621,0.03069194406270981,-0.14510443806648254,-0.03051004839969096,0.002142675220966339,-0.18671180307865143,-0.007451616710994813,-0.0095609650015831,-0.24329715967178345,-0.03673655262124953,-0.000706307590007782,-0.16014927625656128,-0.030983063410047862,0.007480926811695099,-0.1269025206565857,-0.018777572567586276,-0.029738321900367737,-0.1699213683605194,-0.013127503003005359,-0.03468148410320282,-0.20764394104480743,-0.032690924610022876,-0.024485506117343903,-0.15338324010372162,-0.02769014893007693,-0.015108123421669006,-0.1262836754322052,-0.01815342625511107
Closed,0.0,0.0,0.0,0.05267634987831116,-0.015879929065704346,-0.016208074656489657,0.10169526934623718,-0.0873112678527832,-0.023211737764242457,0.09506794810295105,-0.18485844135284424,-0.029720030394557284,0.06150427460670471,-0.2348596453666687,-0.031766766351822184,0.08961531519889832,-0.18831661343574524,-0.00655092452204542,0.10448336601257324,-0.2510276436805725,-0.029143754062417315,0.0916215181350708,-0.17274370789527893,-0.03981048394477682,0.0871104896068573,-0.14119020104408264,-0.04495101947820501,0.054337918758392334,-0.1998935043811798,-0.010166168813768195,0.06558707356452942,-0.25436028838157654,-0.03150480766332464,0.05837547779083252,-0.15951430797576904,-0.0343362629834445,0.05751731991767883,-0.14259454607963562,-0.03288513202703314,0.01818716526031494,-0.19672805070877075,-0.017672195700171756,0.027820855379104614,-0.24289101362228394,-0.044369512838486,0.02705216407775879,-0.1478133499622345,-0.0357170567337306,0.02716626226902008,-0.12648725509643555,-0.024428359833720492,-0.020995259284973145,-0.18784025311470032,-0.02603421699738817,-0.0069257766008377075,-0.2178206443786621,-0.04201109115517454,-0.0026414096355438232,-0.1520533561706543,-0.031859626663091944,-0.004380971193313599,-0.13143181800842285,-0.02126485635078268
Closed,0.0,0.0,0.0,-0.04749387502670288,-0.04240906238555908,-0.02456598805784438,-0.08586198091506958,-0.13274478912353516,-0.03487140948473666,-0.07812786102294922,-0.2271949052810669,-0.043986703106753566,-0.04029053449630737,-0.2505198121070862,-0.04714634532629702,-0.056838154792785645,-0.2021704614162445,-0.0032831836264506364,-0.07327073812484741,-0.25839853286743164,-0.027182728821031787,-0.07258778810501099,-0.19243937730789185,-0.036377972760789135,-0.06253188848495483,-0.1749369502067566,-0.04014012108146403,-0.026912391185760498,-0.20600691437721252,0.0002420971892149737,-0.03580021858215332,-0.2597894072532654,-0.027936429554216602,-0.037812232971191406,-0.1716865599155426,-0.031516785570971706,-0.03252607583999634,-0.16148200631141663,-0.027182834991805294,0.003831803798675537,-0.20162013173103333,-0.0018947483744398141,-0.0005948543548583984,-0.2531224489212036,-0.03526723648010943,-0.010882198810577393,-0.16420191526412964,-0.028627644130580165,-0.011343061923980713,-0.1467280387878418,-0.015146502131216266,0.03328472375869751,-0.19253671169281006,-0.005860572984062173,0.031790852546691895,-0.2289198338985443,-0.02561106423436854,0.01775979995727539,-0.16993948817253113,-0.020320038148753383,0.013148367404937744,-0.15084457397460938,-0.011139066727452018
Closed,0.0,0.0,0.0,-0.05610853433609009,-0.045640766620635986,-0.0312553829467106,-0.0918768048286438,-0.13999566435813904,-0.04516833638308526,-0.07312816381454468,-0.2419767677783966,-0.05611777668354989,-0.02883368730545044,-0.2840564250946045,-0.059419844201784144,-0.0682826042175293,-0.23233629763126373,-0.014610552131216537,-0.07590866088867188,-0.30606409907341003,-0.044891077927331935,-0.07509303092956543,-0.22894753515720367,-0.052497655055503856,-0.07061094045639038,-0.19497041404247284,-0.05214502652643205,-0.03169560432434082,-0.23787051439285278,-0.008834711178224097,-0.024973928928375244,-0.30010735988616943,-0.04071555649397851,-0.030514061450958252,-0.19911499321460724,-0.04069888954518319,-0.03304159641265869,-0.1856965720653534,-0.032583556971530925,0.005060911178588867,-0.2323870211839676,-0.009552295221965323,0.015964150428771973,-0.28767621517181396,-0.047240786156635295,0.0006964802742004395,-0.18935731053352356,-0.03689988692758561,-0.008423388004302979,-0.17205560207366943,-0.019815487689356814,0.03989708423614502,-0.21779748797416687,-0.012390239997785102,0.04831671714782715,-0.2538703382015228,-0.03469661240933419,0.03178948163986206,-0.18744690716266632,-0.027951178974490176,0.019613146781921387,-0.17319649457931519,-0.01689767641482831
Closed,0.0,0.0,0.0,-0.04376530647277832,-0.029500365257263184,-0.0362457160387919,-0.08923327922821045,-0.09589844942092896,-0.05936309439286447,-0.08918583393096924,-0.16372305154800415,-0.07784298551425195,-0.04929858446121216,-0.19151908159255981,-0.08857417595729089,-0.06140857934951782,-0.2565747797489166,-0.03455934417590356,-0.08006715774536133,-0.24174243211746216,-0.06070134160265184,-0.07878285646438599,-0.17359000444412231,-0.06779371691092706,-0.06910121440887451,-0.16279220581054688,-0.07211003196582055,-0.02049475908279419,-0.2714283764362335,-0.029807166430799725,-0.03889656066894531,-0.22600287199020386,-0.05644380045279718,-0.0403447151184082,-0.14647972583770752,-0.05543451127752519,-0.029856979846954346,-0.14933574199676514,-0.05234971014007783,0.017136991024017334,-0.2583065927028656,-0.03030788269981599,0.001986861228942871,-0.2062394618988037,-0.05814914894446588,-0.007921278476715088,-0.13798213005065918,-0.04887524363741136,-0.003281891345977783,-0.14710116386413574,-0.04006226849898553,0.05384063720703125,-0.22522634267807007,-0.03461237368330217,0.03649789094924927,-0.17963677644729614,-0.05274293688282228,0.023110926151275635,-0.13033223152160645,-0.05058027920469499,0.02495396137237549,-0.13781464099884033,-0.046974227998106244
Closed,0.0,0.0,0.0,-0.04235130548477173,-0.02781045436859131,-0.04356228418976116,-0.07227790355682373,-0.0892876386642456,-0.06918351956039714,-0.05498760938644409,-0.14445877075195312,-0.08712379493147182,-0.011956393718719482,-0.1555144190788269,-0.09746105082660961,-0.04319089651107788,-0.21562057733535767,-0.05451956250101375,-0.050925493240356445,-0.2088024616241455,-0.08400240399271297,-0.047437846660614014,-0.13575899600982666,-0.0931646213713293,-0.037618041038513184,-0.12063193321228027,-0.0991470427098875,-0.008182525634765625,-0.24223017692565918,-0.04523106150656986,-0.010858416557312012,-0.19203251600265503,-0.0744723812523489,-0.01291966438293457,-0.10732752084732056,-0.07607677437692928,-0.007262051105499268,-0.11087095737457275,-0.07549653806120205,0.022491633892059326,-0.2320009469985962,-0.04030132897526073,0.023473620414733887,-0.1816418170928955,-0.0713792131128912,0.013105511665344238,-0.1128993034362793,-0.06440076835781383,0.008982479572296143,-0.12415510416030884,-0.05664703481227207,0.04913473129272461,-0.20653623342514038,-0.03917980797916698,0.04745924472808838,-0.14801228046417236,-0.06423431493669796,0.03516358137130737,-0.10242611169815063,-0.0656523168864851,0.027166128158569336,-0.11621838808059692,-0.06323049076229381
Closed,0.0,0.0,0.0,-0.04823267459869385,-0.030008673667907715,-0.02835665123834019,-0.0878247618675232,-0.11083894968032837,-0.04081598894967442,-0.07341116666793823,-0.2010657787322998,-0.051038420221942715,-0.02854740619659424,-0.2274785339832306,-0.055029223135846905,-0.07322078943252563,-0.19961151480674744,-0.012883860080677323,-0.08946144580841064,-0.2490568459033966,-0.04053819777740841,-0.0816260576248169,-0.17802125215530396,-0.05073459299578076,-0.07056057453155518,-0.15674984455108643,-0.05458399506582623,-0.04117274284362793,-0.2131044566631317,-0.008436082325118832,-0.04485422372817993,-0.2555973529815674,-0.03713629992975598,-0.03968393802642822,-0.16903966665267944,-0.03845250087155705,-0.035281479358673096,-0.16268491744995117,-0.03362764643802052,-0.007227599620819092,-0.21303695440292358,-0.010127460978168301,-0.004546642303466797,-0.2545875608921051,-0.04271745907439595,-0.00958096981048584,-0.1713986098766327,-0.033923851720231823,-0.01350182294845581,-0.1599246859550476,-0.020390555656689457,0.025468766689300537,-0.205803781747818,-0.014369482568639569,0.029120445251464844,-0.23399528861045837,-0.0344436824537695,0.01929837465286255,-0.17678430676460266,-0.02991504075302487,0.011570990085601807,-0.16359996795654297,-0.022030447072523884
